11 Hawkins Street Union Square, Somerville, MA	https://hotpads.com/11-hawkins-st-somerville-ma-02143-1j4vm11/building	$3,300
34 Preston Road Union Square, Somerville, MA	https://hotpads.com/34-preston-rd-somerville-ma-02143-1j4vq29/building	$4,800
573 Somerville Avenue Inman Square, Somerville, MA	https://hotpads.com/573-somerville-ave-somerville-ma-02143-skfdkt/building	$5,000+
74 Pearson Avenue Ball Square, Somerville, MA	https://hotpads.com/74-pearson-ave-somerville-ma-02144-wd9xdc/building	$3,200+
Marion Street Union Square, Somerville, MA	https://hotpads.com/somerville-ma-02143-skeun6/building	$4,575+
17 Kenneson Road Winter Hill, Somerville, MA	https://hotpads.com/17-kenneson-rd-somerville-ma-02145-urznd8/building	$3,800+
Arlington Street East Somerville, Somerville, MA	https://hotpads.com/somerville-ma-02145-tua3yc/building	$3,700+
Cameron Avenue Davis Square, Somerville, MA	https://hotpads.com/somerville-ma-02144-1j4vxm1/building	$4,550+
43-45 Derby Street Winter Hill, Somerville, MA	https://hotpads.com/43-45-derby-st-somerville-ma-02145-1q2mfc4/building	$3,875+
Bond Street Winter Hill, Somerville, MA	https://hotpads.com/somerville-ma-02145-skmm84/building	$3,650+
39 Gilman Street Somerville, MA 02145	https://hotpads.com/39-gilman-st-somerville-ma-02145-1pm3swp/building	$4,650+
187 Central Street Winter Hill, Somerville, MA	https://hotpads.com/187-central-st-somerville-ma-02145-1j4w0zp/building	$5,500
47 Gordon Street Medford Hillside, Somerville, MA	https://hotpads.com/47-gordon-st-somerville-ma-02144-tscmwu/building	$3,200
6 Warner Street Ball Square, Somerville, MA	https://hotpads.com/6-warner-st-somerville-ma-02144-skhbrd/building	$3,700+
771 Somerville Avenue Porter Square, Somerville, MA	https://hotpads.com/771-somerville-ave-somerville-ma-02143-sknvbr/building	$3,700
Grant Street Winter Hill, Somerville, MA	https://hotpads.com/somerville-ma-02145-wddjmu/building	$3,400
Marion Street Union Square, Somerville, MA	https://hotpads.com/somerville-ma-02143-w56epf/building	$4,300
Heath Street Winter Hill, Somerville, MA	https://hotpads.com/somerville-ma-02145-skgsj1/building	$3,250+
93 Marion Street Union Square, Somerville, MA	https://hotpads.com/93-marion-st-somerville-ma-02143-tp8xgz/building	$3,700+
571a Somerville Avenue Inman Square, Cambridge, MA	https://hotpads.com/somerville-ma-02143-skf21p/building	$5,000+
11-13 Roberts Street Somerville, MA 02145	https://hotpads.com/11-13-roberts-st-somerville-ma-02145-1spztfy/building	$3,950+
382 Broadway Winter Hill, Somerville, MA	https://hotpads.com/382-broadway-somerville-ma-02145-sntx50/building	$4,000
41 Gilman Street Winter Hill, Somerville, MA	https://hotpads.com/41-gilman-st-somerville-ma-02145-1j4w32r/building	$4,650+
134 Oxford Street Union Square, Somerville, MA	https://hotpads.com/134-oxford-st-somerville-ma-02143-1uexqbd/building	$4,800+
27 Ashford Street Allston, Boston, MA	https://hotpads.com/27-ashford-st-allston-ma-02134-skjtc2/building	$3,400
19 Ashford Street Allston, Boston, MA	https://hotpads.com/19-ashford-st-allston-ma-02134-spm59v/building	$3,000+
Cambridge Allston, Boston, MA	https://hotpads.com/allston-ma-02134-tmhym3/building	$2,600+
22 Everett Square Allston, Boston, MA	https://hotpads.com/22-everett-sq-allston-ma-02134-skgerk/building	$3,000+
42 Brainerd Road Allston, Allston, MA	https://hotpads.com/42-brainerd-rd-allston-ma-02134-skk1kw/building	$3,700
247 Cambridge Street Allston, Allston, MA	https://hotpads.com/247-cambridge-st-allston-ma-02134-spm59k/building	$2,600+
24 Long Avenue Allston, Boston, MA	https://hotpads.com/24-long-ave-allston-ma-02134-1j4t1ej/building	$2,700+
3 Griggs Place Allston, Allston, MA	https://hotpads.com/3-griggs-pl-allston-ma-02134-1j4t3pb/building	$4,500+
34 Brainerd Road Allston, Boston, MA	https://hotpads.com/34-brainerd-rd-allston-ma-02134-skeq2p/building	$3,400+
73 Harvard Avenue Allston, Boston, MA	https://hotpads.com/73-harvard-ave-allston-ma-02134-skf92x/building	$3,200+
8 Barrows Street Allston, Boston, MA	https://hotpads.com/8-barrows-st-allston-ma-02134-skh973/building	$3,300
Higgins Street Allston, Boston, MA	https://hotpads.com/allston-ma-02134-skkb0e/building	$3,400
Bayard Street Allston, Boston, MA	https://hotpads.com/allston-ma-02134-skg2k6/building	$4,350
35 Long Avenue Allston, Allston, MA	https://hotpads.com/35-long-ave-allston-ma-02134-skerd1/building	$4,100+
21 Saint Lukes Road Allston, Boston, MA	https://hotpads.com/21-saint-lukes-rd-allston-ma-02134-skjts4/building	$4,000+
Highgate Street Allston, Boston, MA	https://hotpads.com/allston-ma-02134-skfd5n/building	$3,500+
Allston Street Allston, Boston, MA	https://hotpads.com/allston-ma-02134-skeu1a/building	$4,500+
1284 Commonwealth Avenue Allston, Boston, MA	https://hotpads.com/1284-commonwealth-ave-allston-ma-02134-smf1j0/building	$3,700+
36 Gordon Street Allston, Boston, MA	https://hotpads.com/36-gordon-st-allston-ma-02134-skkb0a/building	$4,800+
32 Arden Street Allston, Allston, MA	https://hotpads.com/32-arden-st-allston-ma-02134-tp3bqx/building	$5,000
Commonwealth Avenue Allston, Allston, MA	https://hotpads.com/allston-ma-02134-skerf5/building	$3,700+
Linden Allston, Boston, MA	https://hotpads.com/allston-ma-02134-skfnz1/building	$3,499
Gardner Street Allston, Allston, MA	https://hotpads.com/allston-ma-02134-smnnzk/building	$4,200+
57 Riverdale Street Allston, Allston, MA	https://hotpads.com/57-riverdale-st-allston-ma-02134-sntkn8/building	$4,000
Royal Street Allston, Boston, MA	https://hotpads.com/allston-ma-02134-1pp5cs0/building	$4,800
6 Haskell Street Allston, Boston, MA	https://hotpads.com/6-haskell-st-allston-ma-02134-1n5uvr3/building	$4,400+
Farrington Street Allston, Boston, MA	https://hotpads.com/allston-ma-02134-sm1pu1/building	$4,000+
Holman Street Allston, Allston, MA	https://hotpads.com/allston-ma-02134-skfnqu/building	$4,500+
24 Ashford Street Allston, Boston, MA	https://hotpads.com/24-ashford-st-allston-ma-02134-skkavh/building	$4,100+
26 Greylock Road Allston, Boston, MA	https://hotpads.com/26-greylock-rd-allston-ma-02134-skk8xx/building	$3,600+
33 Long Avenue Allston, Boston, MA	https://hotpads.com/33-long-ave-allston-ma-02134-skk5pg/building	$3,200+
12 Greylock Road Allston, Allston, MA	https://hotpads.com/12-greylock-rd-allston-ma-02134-skgu11/building	$3,800+
Gardner Street Allston, Boston - Allston, MA	https://hotpads.com/allston-ma-02134-t3s1fe/building	$5,300
36 Raymond Street Allston, Allston, MA	https://hotpads.com/36-raymond-st-allston-ma-02134-1j4t399/building	$4,900+
22 Highgate Street Allston, Allston, MA	https://hotpads.com/22-highgate-st-allston-ma-02134-smpt97/building	$3,600+
31 Seattle Street Allston, Boston, MA	https://hotpads.com/31-seattle-st-allston-ma-02134-skfztu/building	$5,500+
40 Holton Street Allston, Allston, MA	https://hotpads.com/40-holton-st-allston-ma-02134-skjm7z/building	$4,800+
28x Holton Street Allston, Allston, MA	https://hotpads.com/28-holton-st-allston-ma-02134-skhfgu/building	$5,500
52 Coolidge Road Allston, Boston, MA	https://hotpads.com/52-coolidge-rd-allston-ma-02134-skjtss/building	$2,900
12 Glenville Allston, Allston, MA	https://hotpads.com/12-glenville-ave-allston-ma-02134-skhha4/building	$838+
192 Kelton Street Allston, Boston, MA	https://hotpads.com/192-kelton-st-allston-ma-02134-skn7zu/building	$2,600+
N Harvard Allston, Allston, MA	https://hotpads.com/allston-ma-02134-w0tubw/building	$3,200
40 Brainerd Road Allston, Allston, MA	https://hotpads.com/40-brainerd-rd-allston-ma-02134-skjsg8/building	$3,500+
13 Greylock Street Allston, Boston, MA	https://hotpads.com/13-greylock-rd-allston-ma-02134-smqm7r/building	$3,600
22 Glenville Avenue Allston, Allston, MA	https://hotpads.com/22-glenville-ave-allston-ma-02134-skjsnm/building	$3,480
76 Easton Street Allston, Allston, MA	https://hotpads.com/76-easton-st-allston-ma-02134-skggcv/building	$3,000
16 Long Avenue Allston, Allston, MA	https://hotpads.com/16-long-ave-allston-ma-02134-skjsp8/building	$3,400+
28a Linden Street Allston, Boston, MA	https://hotpads.com/allston-ma-02134-svk54z/building	$3,400+
Highgate Street Allston, Boston, MA	https://hotpads.com/allston-ma-02134-skp1jr/building	$3,500+
453 Cambridge Street Allston, Boston, MA	https://hotpads.com/453-cambridge-st-allston-ma-02134-skjsgn/building	$3,800
51 Aldie Street Allston, Allston, MA	https://hotpads.com/51-aldie-st-allston-ma-02134-smpxxu/building	$3,200+
46x Park Vale Avenue Allston, Allston, MA	https://hotpads.com/46-park-vale-ave-allston-ma-02134-skrvwa/building	$3,200
30 Glenville Avenue Allston, Boston, MA	https://hotpads.com/30-glenville-ave-allston-ma-02134-skgzk3/building	$3,200+
15 Quint Avenue Allston, Allston, MA	https://hotpads.com/15-quint-ave-allston-ma-02134-skgzmn/building	$3,275+
26 Ashford Street Allston, Allston, MA	https://hotpads.com/26-ashford-st-allston-ma-02134-skjsmm/building	$3,700+
24 Armington Street Allston, Boston, MA	https://hotpads.com/24-armington-st-allston-ma-02134-upjjde/building	$5,000
Royce Allston, Allston, MA	https://hotpads.com/allston-ma-02134-smnxb9/building	$3,300+
Wadsworth Street Allston, Allston, MA	https://hotpads.com/allston-ma-02134-ss8cqx/building	$4,700+
Glenville Avenue Allston, Boston, MA	https://hotpads.com/allston-ma-02134-skh99h/building	$3,600+
11 Quint Avenue Allston, Allston, MA	https://hotpads.com/11-quint-ave-allston-ma-02134-skfcvf/building	$3,650+
3 Appian Way Allston, Allston, MA	https://hotpads.com/3-appian-way-allston-ma-02134-1j4t3n6/building	$3,200
11 Reedsdale Street Allston, Allston, MA	https://hotpads.com/11-reedsdale-st-allston-ma-02134-skfzxm/building	$4,200+
48 Brighton Avenue Allston, Allston, MA	https://hotpads.com/48-brighton-ave-allston-ma-02134-skfyxj/building	$3,200
1066 Commonwealth Avenue Allston, Boston, MA	https://hotpads.com/1066-commonwealth-ave-boston-ma-02215-skey1u/building	$4,250+
11 Saint Lukes Road Allston, Allston, MA	https://hotpads.com/11-saint-lukes-rd-allston-ma-02134-skhhax/building	$4,000+
21 Weitz Street Allston, Allston, MA	https://hotpads.com/21-weitz-st-allston-ma-02134-1j4t0rs/building	$3,400
79 Brighton Avenue Allston, Boston, MA	https://hotpads.com/79-brighton-ave-allston-ma-02134-skjsx6/building	$4,500+
1288 Commonwealth Avenue Allston, Allston, MA	https://hotpads.com/1288-commonwealth-ave-allston-ma-02134-skjsn4/building	$3,500+
12 Chester Street Allston, Allston, MA	https://hotpads.com/12-chester-st-allston-ma-02134-skjtp0/building	$3,400+
183 Harvard Avenue Allston, Allston, MA	https://hotpads.com/183-harvard-ave-allston-ma-02134-smf1pu/building	$3,400+
44 Long Avenue Allston, Allston, MA	https://hotpads.com/44-long-ave-allston-ma-02134-skwr79/building	$4,300+
30 Linden Street Allston, Allston, MA	https://hotpads.com/30-linden-st-allston-ma-02134-smpkfr/building	$4,250+
178 Brighton Avenue Aberdeen, Allston, MA	https://hotpads.com/178-brighton-ave-allston-ma-02134-skfz26/building	$4,000
Saint Lukes Road Allston, Allston, MA	https://hotpads.com/allston-ma-02134-snrp77/building	$3,900+
15 Ashford Street Allston, Allston, MA	https://hotpads.com/15-ashford-st-allston-ma-02134-skh10n/building	$4,000
Pratt Street Allston, Boston, MA	https://hotpads.com/allston-ma-02134-skyqde/building	$4,600+
41 Pratt Street Allston, Allston, MA	https://hotpads.com/41-pratt-st-allston-ma-02134-skhhat/building	$3,850+
Pratt Allston, Allston, MA	https://hotpads.com/allston-ma-02134-skh8fw/building	$3,800+
6 Glenville Avenue Allston, Allston, MA	https://hotpads.com/6-glenville-ave-allston-ma-02134-skfcey/building	$3,600+
70x Chester Allston, Allston, MA	https://hotpads.com/70-chester-st-allston-ma-02134-skjsw2/building	$3,800
80 Allston Street Allston, Allston, MA	https://hotpads.com/80-allston-st-allston-ma-02134-skkb0m/building	$3,200+
7 Wadsworth Street Allston, Allston, MA	https://hotpads.com/7-wadsworth-st-allston-ma-02134-1j4t86s/building	$3,700
23 Weitz Street Allston, Allston, MA	https://hotpads.com/23-weitz-st-allston-ma-02134-1j4t17x/building	$3,200+
11 Pratt Street Allston, Allston, MA	https://hotpads.com/11-pratt-st-allston-ma-02134-skzdyc/building	$3,600+
14 Mansfield Street Allston, Boston, MA	https://hotpads.com/14-mansfield-st-allston-ma-02134-tu61yb/building	$3,500+
15 Farrington Avenue Allston, Allston, MA	https://hotpads.com/15-farrington-ave-allston-ma-02134-skk4q5/building	$4,200+
7 Price Road Allston, Boston, MA	https://hotpads.com/7-price-rd-allston-ma-02134-skerd2/building	$3,600+
34 Long Avenue Allston, Allston, MA	https://hotpads.com/34-long-ave-allston-ma-02134-smqca0/building	$4,850
17 Pratt Street Allston, Allston, MA	https://hotpads.com/17-pratt-st-allston-ma-02134-skhhqz/building	$4,800
194 Kelton Street Allston, Allston, MA	https://hotpads.com/194-kelton-st-allston-ma-02134-skg3bs/building	$3,600+
44 Pratt Street Allston, Allston, MA	https://hotpads.com/44-pratt-st-allston-ma-02134-skk4y6/building	$6,000
1056 Commonwealth Avenue A61 Allston, Boston, MA	https://hotpads.com/1056-commonwealth-ave-boston-ma-02215-skeuhx/building	$4,200+
39 Long Avenue Allston, Boston, MA	https://hotpads.com/39-long-ave-allston-ma-02134-sm0k75/building	$4,800+
30 Holton Street Allston, Allston, MA	https://hotpads.com/30-holton-st-allston-ma-02134-uprrh7/building	$5,400+
Ashford Street Allston, Boston, MA	https://hotpads.com/allston-ma-02134-skgzk0/building	$4,750
40 Pratt Street Allston, Allston, MA	https://hotpads.com/40-pratt-st-allston-ma-02134-skjtk9/building	$4,600
119 Franklin Street Allston, Allston, MA	https://hotpads.com/119-franklin-st-allston-ma-02134-skjsv4/building	$4,000+
38 N Beacon Street Allston, Boston, MA	https://hotpads.com/38-n-beacon-st-allston-ma-02134-tnxdxt/building	$4,800
Harvard Avenue Allston, Boston, MA	https://hotpads.com/allston-ma-02134-smmtyt/building	$3,500
117x Glenville Street Allston, Allston, MA	https://hotpads.com/117-glenville-ave-allston-ma-02134-spm46v/building	$3,800+
48 Adamson Street Allston, Boston, MA	https://hotpads.com/48-adamson-st-allston-ma-02134-uq87nj/building	$3,800+
51 Riverdale Street Allston, Allston, MA	https://hotpads.com/51-riverdale-st-allston-ma-02134-skjrwg/building	$4,000
6 Fern Street Allston, Allston, MA	https://hotpads.com/6-fern-st-allston-ma-02134-uqf11v/building	$5,500
Commonwealth Avenue Allston, Allston, MA	https://hotpads.com/allston-ma-02134-skg0mw/building	$4,100
7 Gardner Terrace Allston, Allston, MA	https://hotpads.com/7-gardner-ter-allston-ma-02134-sswuej/building	$3,600+
74 Ashford Street Allston, Boston, MA	https://hotpads.com/74-ashford-st-allston-ma-02134-snszyn/building	$6,500+
8 Saint Lukes Road Allston, Allston, MA	https://hotpads.com/8-saint-lukes-rd-allston-ma-02134-ss6uev/building	$3,600+
Allston Street Allston, Boston, MA	https://hotpads.com/allston-ma-02134-spe7rc/building	$4,200+
162 Allston Street Allston, Allston, MA	https://hotpads.com/162-allston-st-allston-ma-02134-spm4hs/building	$3,600
16 Easton Street Allston, Allston, MA	https://hotpads.com/16-easton-st-allston-ma-02134-smf1hg/building	$3,600
28 Greylock Road Allston, Boston, MA	https://hotpads.com/28-greylock-rd-allston-ma-02134-spm5aj/building	$3,900+
9 Wadsworth Street Allston, Allston, MA	https://hotpads.com/9-wadsworth-st-allston-ma-02134-1j4t9vr/building	$4,400
33 Pratt Street Allston, Allston, MA	https://hotpads.com/33-pratt-st-allston-ma-02134-skfbxx/building	$5,500+
110 Chester Street Allston, Allston, MA	https://hotpads.com/110-chester-st-allston-ma-02134-skjtcu/building	$4,800
39 Allston Street Allston, Boston, MA	https://hotpads.com/39-allston-st-allston-ma-02134-1j4t3hw/building	$5,200+
18 Holton Street Allston, Boston, MA	https://hotpads.com/18-holton-st-allston-ma-02134-1j4szvw/building	$6,600
Oxford Avenue Cambridge, MA 02138	https://hotpads.com/cambridge-ma-02138-skkx96/building	Call
3 Oxford Avenue Belmont, MA 02478	https://hotpads.com/3-oxford-ave-belmont-ma-02478-sm3qc4/building	Call
6 Adams Terrace Mid-Cambridge, Cambridge, MA	https://hotpads.com/6-adams-ter-cambridge-ma-02138-tq5wn5/building	$4,600
Adams Terrace Mid-Cambridge, Cambridge - Harvard Square, MA	https://hotpads.com/cambridge-ma-02138-uqr4sd/building	$4,600+
Berkshire Street Wellington-Harrington, Cambridge, MA	https://hotpads.com/cambridge-ma-02141-skerup/building	$3,400+
44 Martin Street Peabody, Cambridge, MA	https://hotpads.com/44-martin-st-cambridge-ma-02138-sky2v7/building	$4,400
322 Western Avenue Riverside, Cambridge, MA	https://hotpads.com/322-western-ave-cambridge-ma-02139-spm56w/building	$4,550+
134 Oxford Street Aggasiz - Harvard North, Cambridge, MA	https://hotpads.com/134-oxford-st-cambridge-ma-02140-urkf6k/building	$4,600+
Story Street Harvard Square, Cambridge, MA	https://hotpads.com/cambridge-ma-02138-skg6qg/building	$6,500+
Massachusetts Avenue North Cambridge, Cambridge, MA	https://hotpads.com/cambridge-ma-02140-ushmg7/building	$4,900
222 Concord Avenue West Cambridge, Cambridge, MA	https://hotpads.com/222-concord-ave-cambridge-ma-02138-ss6nkr/building	$4,195
1 Richdale Avenue Peabody, Cambridge, MA	https://hotpads.com/1-richdale-ave-cambridge-ma-02140-skjmfa/building	$4,800+
30 Clay Street North Cambridge, Cambridge, MA	https://hotpads.com/30-clay-st-cambridge-ma-02140-wda4qs/building	$4,450+
Oxford Street Aggasiz - Harvard North, Cambridge, MA	https://hotpads.com/cambridge-ma-02140-1qewfzd/building	$4,600+
Oxford Avenue Cambridge, MA 02138	https://hotpads.com/cambridge-ma-02138-skkx96/building	Call
Oxford Avenue Belmont, MA 02478	https://hotpads.com/belmont-ma-02478-sm3qc4/building	Call
26 Claflin Road Aspinwall Hill, Brookline, MA	https://hotpads.com/26-claflin-rd-brookline-ma-02445-tr21kg/building	$3,000+
3 Englewood Avenue Beaconsfield, Brookline, MA	https://hotpads.com/3-englewood-ave-brookline-ma-02445-skeyeu/building	$3,500+
1537 Beacon Street Brookline, MA 02446	https://hotpads.com/1537-beacon-st-brookline-ma-02446-skgv5y/building	$4,300+
Harvard Street Brookline, MA 02446	https://hotpads.com/brookline-ma-02446-skf6vh/building	$4,200
23 Heath Street Chestnut Hill, Brookline, MA	https://hotpads.com/23-heath-st-brookline-ma-02445-skjs71/building	$3,410
30 Harris Street Brookline, MA 02446	https://hotpads.com/30-harris-st-brookline-ma-02446-skf6yt/building	$4,000
7 Timon Avenue Chestnut Hill, Brookline, MA	https://hotpads.com/7-timon-ave-brookline-ma-02445-1u0snn0/building	$3,500+
9 Strathmore Road Reservoir, Brookline, MA	https://hotpads.com/9-strathmore-rd-brookline-ma-02445-skem2x/building	$4,000+
1673 Beacon Street Aspinwall Hill, Brookline, MA	https://hotpads.com/1673-beacon-st-brookline-ma-02445-skeyqj/building	$4,049+
6 Elm Street Emerson Garden, Brookline, MA	https://hotpads.com/6-elm-st-brookline-ma-02445-skg447/building	$4,100+
147 Brook Street Central Village, Brookline, MA	https://hotpads.com/147-brook-st-brookline-ma-02445-skfgu8/building	$4,000
9 Francis Street Lawrence, Brookline, MA	https://hotpads.com/9-francis-st-brookline-ma-02446-skf4pr/building	$7,500
15 Englewood Avenue Brookline, MA 02445	https://hotpads.com/15-englewood-ave-brookline-ma-02445-tmxze0/building	$5,900
17 Gardner Road Aspinwall Hill, Brookline, MA	https://hotpads.com/17-gardner-rd-brookline-ma-02445-skgv51/building	$5,000
179 Babcock Street Brookline, MA 02446	https://hotpads.com/179-babcock-st-brookline-ma-02446-skeyn3/building	$3,600+
22 University Road Aspinwall Hill, Brookline, MA	https://hotpads.com/22-university-rd-brookline-ma-02445-skgv3c/building	$3,400+
101 Saint Paul Street Lawrence, Brookline, MA	https://hotpads.com/101-saint-paul-st-brookline-ma-02446-skf0dj/building	$3,995+
92 University Road Aspinwall Hill, Brookline, MA	https://hotpads.com/92-university-rd-brookline-ma-02445-skf517/building	$3,200
4 Greenway Court Coolidge Corner, Brookline, MA	https://hotpads.com/4-greenway-ct-brookline-ma-02446-skezmp/building	$3,900+
3 Greenway Court Coolidge Corner, Brookline, MA	https://hotpads.com/3-greenway-ct-brookline-ma-02446-skf9k4/building	$5,000+
Babcock Street Brookline, MA 02446	https://hotpads.com/brookline-ma-02446-skeygb/building	$4,000+
Saint Paul Street Brookline, MA 02446	https://hotpads.com/brookline-ma-02446-skjrkr/building	$4,450+
25 Gibbs Street Coolidge Corner, Brookline, MA	https://hotpads.com/25-gibbs-st-brookline-ma-02446-skf6tp/building	$4,500+
322 Saint Paul Street Brookline, MA 02446	https://hotpads.com/322-saint-paul-st-brookline-ma-02446-skenwt/building	$4,300+
60 Kilsyth Road Brookline, MA 02445	https://hotpads.com/60-kilsyth-rd-brookline-ma-02445-skgv41/building	$3,800
Columbia Street Brookline, MA 02446	https://hotpads.com/brookline-ma-02446-skfa8y/building	$2,950+
80 Verndale Street Brookline, MA 02446	https://hotpads.com/80-verndale-st-brookline-ma-02446-1j56dzn/building	$3,200+
16 University Road Aspinwall Hill, Brookline, MA	https://hotpads.com/16-university-rd-brookline-ma-02445-sw7fz8/building	$3,300+
81 Gibbs Street Brookline, MA 02446	https://hotpads.com/81-gibbs-st-brookline-ma-02446-skeyhv/building	$6,600+
159 Longwood Avenue Lawrence, Brookline, MA	https://hotpads.com/159-longwood-ave-brookline-ma-02446-skf6j7/building	$5,700+
1249 Beacon Street Brookline, MA 02446	https://hotpads.com/1249-beacon-st-brookline-ma-02446-skep5y/building	$5,700
1905 Beacon Street Reservoir, Brookline, MA	https://hotpads.com/1905-beacon-st-brookline-ma-02445-sketjw/building	$3,950+
1592 Beacon Street Corey Hill, Brookline, MA	https://hotpads.com/1592-beacon-st-brookline-ma-02446-skf6cr/building	$4,000+
Egmont Brookline, MA 02446	https://hotpads.com/brookline-ma-02446-skenwm/building	$4,600+
61 Egmont Street Brookline, MA 02446	https://hotpads.com/61-egmont-st-brookline-ma-02446-sm259x/building	$4,450+
Thorndike Street Brookline, MA 02446	https://hotpads.com/brookline-ma-02446-skf12n/building	$4,100
Thatcher Street Brookline, MA 02446	https://hotpads.com/brookline-ma-02446-skerrh/building	$4,200+
Freeman Street Coolidge Corner, Brookline, MA	https://hotpads.com/brookline-ma-02446-skeny3/building	$4,400+
16 Garrison Road Aspinwall Hill, Brookline, MA	https://hotpads.com/16-garrison-rd-brookline-ma-02445-skf9sz/building	$4,400
216 Freeman Street Brookline, MA 02446	https://hotpads.com/216-freeman-st-brookline-ma-02446-skf0ux/building	$4,300+
215 Saint Paul Street Brookline, MA 02446	https://hotpads.com/215-saint-paul-st-brookline-ma-02446-skf6nz/building	$4,600+
1033 Beacon Street Longwood, Brookline, MA	https://hotpads.com/1033-beacon-st-brookline-ma-02446-skfjnb/building	$5,495+
18 Aspinwall Avenue Brookline, MA 02445	https://hotpads.com/18-aspinwall-ave-brookline-ma-02446-skekwm/building	$3,895+
1801 Beacon Street Beaconsfield, Brookline, MA	https://hotpads.com/1801-beacon-st-brookline-ma-02445-skepam/building	$4,200+
191 Winthrop Road Aspinwall Hill, Brookline, MA	https://hotpads.com/191-winthrop-rd-brookline-ma-02445-sken64/building	$4,200+
504 Washington Street Aspinwall Hill, Brookline, MA	https://hotpads.com/504-washington-st-brookline-ma-02446-skxacj/building	$4,200+
Walnut Street High Street Hill, Brookline, MA	https://hotpads.com/brookline-ma-02445-uppvcd/building	$6,000
1616 Beacon Street Corey Hill, Brookline, MA	https://hotpads.com/1616-beacon-st-brookline-ma-02446-skepar/building	$6,200+
1203 Beacon Street Lawrence, Brookline, MA	https://hotpads.com/4-bed-20-bath-1200-sqft-4400-brookline-ma-02446-skgv52/building	$4,400+
40 Centre Street Brookline, MA 02446	https://hotpads.com/40-centre-st-brookline-ma-02446-skgbsy/building	$6,300
74 Browne Street Brookline, MA 02446	https://hotpads.com/74-browne-st-brookline-ma-02446-skemtf/building	$6,700
71 Oxford Avenue Cambridge, MA 02138	https://hotpads.com/71-oxford-ave-cambridge-ma-02138-skkx96/building	Call
3 Oxford Avenue Belmont, MA 02478	https://hotpads.com/3-oxford-ave-belmont-ma-02478-sm3qc4/building	Call
5 City View Road Brighton, Brookline, MA	https://hotpads.com/5-city-view-rd-brookline-ma-02446-skxtej/building	$2,600
29 Dighton Street Brighton, Brighton, MA	https://hotpads.com/29-dighton-st-brighton-ma-02135-skjsw5/building	$3,200
35 Waverly Street Brighton, Boston, MA	https://hotpads.com/35-waverly-st-brighton-ma-02135-skespk/building	$2,850+
36 Mapleton Street Brighton, Boston, MA	https://hotpads.com/36-mapleton-st-brighton-ma-02135-ssmdm9/building	$3,800+
300 Summit Brighton, Brighton, MA	https://hotpads.com/300-summit-ave-brighton-ma-02135-smncf3/building	$2,800+
45 Montcalm Avenue Brighton, Brighton, MA	https://hotpads.com/45-montcalm-ave-brighton-ma-02135-skjttn/building	$4,250+
85 Surrey Street Brighton, Brighton, MA	https://hotpads.com/85-surrey-st-brighton-ma-02135-skn76w/building	$4,100+
14 Mount Hood Road Brighton, Brighton, MA	https://hotpads.com/14-mount-hood-rd-brighton-ma-02135-sm00vm/building	$3,300+
23 Colwell Avenue Brighton, Boston, MA	https://hotpads.com/23-colwell-ave-brighton-ma-02135-skeq0f/building	$3,100
22 Surrey Street Brighton, Boston, MA	https://hotpads.com/22-surrey-st-brighton-ma-02135-1uc3jts/building	$2,400+
35 Glenmont Road Brighton, Brighton, MA	https://hotpads.com/35-glenmont-rd-brighton-ma-02135-upxyw4/building	$3,200+
35 Cummings Road Brighton, Brighton, MA	https://hotpads.com/35-cummings-rd-brighton-ma-02135-skjsnk/building	$2,975+
46 Shannon Street Aberdeen, Boston, MA	https://hotpads.com/46-shannon-st-brighton-ma-02135-sm09aw/building	$3,000
Nottinghill Road Aberdeen, Boston, MA	https://hotpads.com/brighton-ma-02135-1pzfqzs/building	$4,300
41 Shannon Street Aberdeen, Brighton, MA	https://hotpads.com/41-shannon-st-brighton-ma-02135-skf90a/building	$3,500
Cummings Road Brighton, Boston - Brighton, MA	https://hotpads.com/brighton-ma-02135-skg0kg/building	$3,000+
66 Perthshire Road Brighton, Brighton, MA	https://hotpads.com/66-perthshire-rd-brighton-ma-02135-skjtur/building	$3,700+
4 Sparhawk Street Brighton, Brighton, MA	https://hotpads.com/4-sparhawk-st-brighton-ma-02135-sm0d4a/building	$4,295
Academy Hill Road Brighton, Brighton, MA	https://hotpads.com/brighton-ma-02135-1j4tasy/building	$4,100
47 Orkney Road Brighton, Brighton, MA	https://hotpads.com/47-orkney-rd-brighton-ma-02135-smnnm5/building	$3,900+
44 Champney Street Brighton, Brighton, MA	https://hotpads.com/44-champney-st-brighton-ma-02135-skjssq/building	$3,500+
25 Oak Square Avenue Brighton, Brighton, MA	https://hotpads.com/25-oak-square-ave-brighton-ma-02135-skqpgr/building	$3,100
64 Corey Road Brighton, Brighton, MA	https://hotpads.com/64-corey-rd-brighton-ma-02135-tp6g25/building	$4,400+
33 Egremont Road Brighton, Brighton, MA	https://hotpads.com/33-egremont-rd-brighton-ma-02135-skpxu1/building	$3,350+
Shannon Street Aberdeen, Boston - Brighton, MA	https://hotpads.com/brighton-ma-02135-skewg1/building	$3,000+
Woodmont Street Brighton, Brighton, MA	https://hotpads.com/brighton-ma-02135-smn4q3/building	$3,500
8 Niles Street Brighton, Brighton, MA	https://hotpads.com/8-niles-st-brighton-ma-02135-spm5bs/building	$3,600+
1914 Beacon Street Brighton, Brighton, MA	https://hotpads.com/1914-beacon-st-brighton-ma-02135-sm10wh/building	$4,000
8 Murdock Terrace Brighton, Brighton, MA	https://hotpads.com/8-murdock-ter-brighton-ma-02135-tq4xrn/building	$4,350+
1653 Commonwealth Avenue Brighton, Brighton, MA	https://hotpads.com/1653-commonwealth-ave-brighton-ma-02135-skfx2n/building	$3,300+
Bentley Street Brighton, Boston, MA	https://hotpads.com/brighton-ma-02135-skevm7/building	$3,200+
3 Glenley Terrace Brighton, Brighton, MA	https://hotpads.com/3-glenley-ter-brighton-ma-02135-1j4tvc8/building	$3,600+
1526 Commonwealth Avenue Brighton, Boston, MA	https://hotpads.com/1526-commonwealth-ave-brighton-ma-02135-skjsws/building	$3,600+
172 Bigelow Street Brighton, Brighton, MA	https://hotpads.com/172-bigelow-st-brighton-ma-02135-skjtwa/building	$2,925+
35 Wallingford Road Aberdeen, Brighton, MA	https://hotpads.com/35-wallingford-rd-brighton-ma-02135-smnmya/building	$3,300+
131 Nottinghill Road Aberdeen, Brighton, MA	https://hotpads.com/131-nottinghill-rd-brighton-ma-02135-skjtu2/building	$4,750+
41 Egremont Road Brighton, Boston, MA	https://hotpads.com/41-egremont-rd-brighton-ma-02135-skfach/building	$3,400+
15 Bentley Street Brighton, Brighton, MA	https://hotpads.com/15-bentley-st-brighton-ma-02135-up27d7/building	$3,300+
31 Champney Street Brighton, Brighton, MA	https://hotpads.com/31-champney-st-brighton-ma-02135-sm3ugp/building	$3,800+
1657 Commonwealth Avenue Brighton, Boston, MA	https://hotpads.com/1657-commonwealth-ave-brighton-ma-02135-skfyy1/building	$3,200+
52 Donnybrook Road Brighton, Boston, MA	https://hotpads.com/52-donnybrook-rd-brighton-ma-02135-uqb91u/building	$3,400
Sutherland Road Brighton, Boston, MA	https://hotpads.com/brighton-ma-02135-skjst6/building	$4,600+
51 Leamington Road Aberdeen, Brighton, MA	https://hotpads.com/51-leamington-rd-brighton-ma-02135-skfx84/building	$3,850+
43 South Street Brighton, Boston, MA	https://hotpads.com/43-south-st-brighton-ma-02135-1j4tw77/building	$3,900+
86 Litchfield Street Brighton, Boston, MA	https://hotpads.com/86-litchfield-st-brighton-ma-02135-sm0v93/building	$4,000
36 Colborne Road Aberdeen, Brighton, MA	https://hotpads.com/36-colborne-rd-brighton-ma-02135-tq53hk/building	$3,800+
Saunders Street Brighton, Boston, MA	https://hotpads.com/allston-ma-02134-skem9u/building	$4,650
59 Strathmore Road Brighton, Brighton, MA	https://hotpads.com/59-strathmore-rd-brighton-ma-02135-skhd6b/building	$3,850+
27 Sutherland Road Brighton, Boston, MA	https://hotpads.com/27-sutherland-rd-brighton-ma-02135-skf311/building	$4,000
53 Hobart Street Brighton, Boston, MA	https://hotpads.com/53-hobart-st-brighton-ma-02135-skr2zw/building	$4,400
8 Cenacle Road Brighton, Brighton, MA	https://hotpads.com/8-cenacle-rd-brighton-ma-02135-uqr5de/building	$3,600+
20 Cummings Road Brighton, Brighton, MA	https://hotpads.com/20-cummings-rd-brighton-ma-02135-skff1v/building	$3,250+
120 Kenrick Street Brighton, Brighton, MA	https://hotpads.com/120-kenrick-street-brighton-ma-02135-skh4ax/building	$4,300+
6 Colliston Road Brighton, Brighton, MA	https://hotpads.com/6-colliston-rd-brighton-ma-02135-skjsva/building	$4,000+
225 Chestnut Hill Avenue Brighton, Brighton, MA	https://hotpads.com/225-chestnut-hill-ave-brighton-ma-02135-snrqz4/building	$950+
31 Newcastle Road Brighton, Boston, MA	https://hotpads.com/31-newcastle-rd-brighton-ma-02135-trapqn/building	$3,800
34 Newcastle Road Brighton, Brighton, MA	https://hotpads.com/34-newcastle-rd-brighton-ma-02135-ts6346/building	$4,000+
91 Surrey Street Brighton, Brighton, MA	https://hotpads.com/91-surrey-st-brighton-ma-02135-snv340/building	$3,600+
80 Wallingford Road Aberdeen, Brighton, MA	https://hotpads.com/80-wallingford-rd-brighton-ma-02135-skjspg/building	$3,650+
Winship Brighton, Boston - Brighton, MA	https://hotpads.com/brighton-ma-02135-skmnk6/building	$3,600
5 Ayr Road Brighton, Brighton, MA	https://hotpads.com/5-ayr-rd-brighton-ma-02135-skjtrh/building	$4,650+
1 Glenley Terrace Brighton, Brighton, MA	https://hotpads.com/1-glenley-ter-brighton-ma-02135-tq5vp4/building	$3,300+
13 Sparhawk Street Brighton, Brighton, MA	https://hotpads.com/13-sparhawk-st-brighton-ma-02135-skjtng/building	$3,900+
Wallingford Road Brighton, Boston - Brighton, MA	https://hotpads.com/brighton-ma-02135-skmm52/building	$3,400+
40 Champney Street Brighton, Boston, MA	https://hotpads.com/40-champney-st-brighton-ma-02135-skjsw7/building	$3,850+
5 Mapleton Street Brighton, Brighton, MA	https://hotpads.com/5-mapleton-st-brighton-ma-02135-tmz1za/building	$5,200+
282 Foster Street Brighton, Brighton, MA	https://hotpads.com/282-foster-st-brighton-ma-02135-1j4trnf/building	$6,500+
264 Foster Street Brighton, Boston, MA	https://hotpads.com/264-foster-st-brighton-ma-02135-skjsxa/building	$4,500+
414 Western Avenue Brighton, Boston, MA	https://hotpads.com/414-western-ave-brighton-ma-02135-tn234h/building	$3,900
64 Undine Road Brighton, Boston, MA	https://hotpads.com/64-undine-rd-brighton-ma-02135-uqhx4x/building	$8,300+
34 Justin Road Brighton, Boston, MA	https://hotpads.com/34-justin-rd-brighton-ma-02135-skjtms/building	$3,995
221 Chestnut Hill Avenue Brighton, Brighton, MA	https://hotpads.com/221-chestnut-hill-ave-brighton-ma-02135-spm5c2/building	$1,000
24 Everett Street Brighton, Boston, MA	https://hotpads.com/24-everett-st-allston-ma-02134-skep7m/building	$2,900+
30 Elmira Street Brighton, Boston, MA	https://hotpads.com/30-elmira-st-brighton-ma-02135-uprr2c/building	$3,300
23 Portsmouth Street Brighton, Brighton, MA	https://hotpads.com/23-portsmouth-st-brighton-ma-02135-skgeg5/building	$3,000+
348 Faneuil Street Brighton, Brighton, MA	https://hotpads.com/348-faneuil-st-brighton-ma-02135-skjsse/building	$2,800+
25 Burton Street Brighton, Brighton, MA	https://hotpads.com/25-burton-st-brighton-ma-02135-skjtqs/building	$2,600+
10 Woodmont Street Brighton, Brighton, MA	https://hotpads.com/10-woodmont-st-brighton-ma-02135-tpu2kc/building	$2,800+
Presentation Road Brighton, Brighton, MA	https://hotpads.com/brighton-ma-02135-upae37/building	$2,800+
106 Murdock Street Brighton, Brighton, MA	https://hotpads.com/106-murdock-st-brighton-ma-02135-skjtpe/building	$3,300
29 Etna Street Brighton, Brighton, MA	https://hotpads.com/29-etna-st-brighton-ma-02135-spm54x/building	$3,500
37 Egremont Road Brighton, Brighton, MA	https://hotpads.com/37-egremont-road-brighton-ma-02135-skjsnj/building	$3,350+
346 Faneuil Street Brighton, Brighton, MA	https://hotpads.com/346-faneuil-st-brighton-ma-02135-skf7nk/building	$3,000+
71 Harriet Street Brighton, Brighton, MA	https://hotpads.com/71-harriet-st-brighton-ma-02135-1svkg13/building	$3,200
23 Egremont Road Brighton, Brighton, MA	https://hotpads.com/23-egremont-rd-brighton-ma-02135-1j4tq48/building	$3,225+
34 Harriet Street Brighton, Brighton, MA	https://hotpads.com/34-harriet-st-brighton-ma-02135-1j4ttry/building	$3,200+
9 Sparhawk Street Brighton, Brighton, MA	https://hotpads.com/9-sparhawk-st-brighton-ma-02135-skjsmv/building	$3,300+
71 Brooks Street Brighton, Brighton, MA	https://hotpads.com/71-brooks-st-brighton-ma-02135-tqkc4v/building	$3,000
129 Chiswick Road Brighton, Brighton, MA	https://hotpads.com/129-chiswick-rd-brighton-ma-02135-sks2jx/building	$3,100+
1680 Commonwealth Avenue Brighton, Brighton, MA	https://hotpads.com/1680-commonwealth-ave-brighton-ma-02135-skhabf/building	$3,825+
26 Mapleton Street Brighton, Brighton, MA	https://hotpads.com/26-mapleton-st-brighton-ma-02135-1j4tr50/building	$3,200+
14 Woodmont Street Brighton, Brighton, MA	https://hotpads.com/14-woodmont-st-brighton-ma-02135-tn1dbf/building	$3,200+
108 Brooks Street Brighton, Brighton, MA	https://hotpads.com/108-brooks-st-brighton-ma-02135-unq0zu/building	$3,200+
27 Egremont Road Brighton, Brighton, MA	https://hotpads.com/27-egremont-rd-brighton-ma-02135-smm5ea/building	$3,225+
19 Egremont Road Brighton, Brighton, MA	https://hotpads.com/19-egremont-rd-brighton-ma-02135-sm2n3r/building	$3,250
25 Lothrop Street Brighton, Boston, MA	https://hotpads.com/25-lothrop-st-brighton-ma-02135-smpznh/building	$3,000+
33 Newcastle Road Brighton, Brighton, MA	https://hotpads.com/33-newcastle-rd-brighton-ma-02135-wd57e7/building	$4,000
18 Claymoss Road Brighton, Brighton, MA	https://hotpads.com/18-claymoss-rd-brighton-ma-02135-skjsr8/building	$3,200+
29 Wilson Park Brighton, Brighton, MA	https://hotpads.com/29-wilson-park-brighton-ma-02135-skjsu4/building	$3,300
132 Chiswick Road Brighton, Boston, MA	https://hotpads.com/132-chiswick-rd-brighton-ma-02135-skjvcb/building	$3,000+
23 Ransom Road Brighton, Brighton, MA	https://hotpads.com/23-ransom-rd-brighton-ma-02135-skg2vv/building	$3,300+
7 Sparhawk Street Brighton, Brighton, MA	https://hotpads.com/7-sparhawk-st-brighton-ma-02135-skjsnc/building	$3,300+
144 Washington Street Aberdeen, Brighton, MA	https://hotpads.com/144-washington-st-brighton-ma-02135-tmu589/building	$3,400
246 Allston Street Brighton, Brighton, MA	https://hotpads.com/246-allston-st-brighton-ma-02135-t0y4bk/building	$4,000
33 Champney Street Brighton, Brighton, MA	https://hotpads.com/33-champney-st-brighton-ma-02135-th886u/building	$3,700+
335 Faneuil Street Brighton, Brighton, MA	https://hotpads.com/335-faneuil-st-brighton-ma-02135-skfx8w/building	$3,000+
11 Cummings Road Brighton, Brighton, MA	https://hotpads.com/11-cummings-rd-brighton-ma-02135-skg27x/building	$3,050+
134 Parsons Street Brighton, Brighton, MA	https://hotpads.com/134-parsons-st-brighton-ma-02135-sswgmz/building	$4,700+
57 Gerrish Street Brighton, Boston, MA	https://hotpads.com/57-gerrish-st-brighton-ma-02135-skjsp3/building	$3,999+
178 Bigelow Street Brighton, Brighton, MA	https://hotpads.com/178-bigelow-st-brighton-ma-02135-up77v7/building	$3,300
136 Brooks Street Brighton, Boston, MA	https://hotpads.com/136-brooks-st-brighton-ma-02135-1j4td7d/building	$5,100+
120 Brooks Street Brighton, Brighton, MA	https://hotpads.com/120-brooks-st-brighton-ma-02135-svfz9v/building	$2,600
116 Lake Street Brighton, Boston, MA	https://hotpads.com/116-lake-st-brighton-ma-02135-skjtsq/building	$8,000+
46 Gerrish Street Brighton, Brighton, MA	https://hotpads.com/46-gerrish-st-brighton-ma-02135-w2yhy0/building	$4,800+
1682 Commonwealth Avenue Brighton, Boston, MA	https://hotpads.com/1682-commonwealth-ave-brighton-ma-02135-skfaht/building	$3,400
62 Ridgemont Street Brighton, Allston, MA	https://hotpads.com/62-ridgemont-st-allston-ma-02134-skjsma/building	$4,700+
73 Leicester Street Brighton, Brighton, MA	https://hotpads.com/73-leicester-st-brighton-ma-02135-uqnyvn/building	$4,200
56 Ridgemont Street Brighton, Boston, MA	https://hotpads.com/56-ridgemont-st-allston-ma-02134-skfcf3/building	$4,000+
83 Surrey Street Brighton, Boston, MA	https://hotpads.com/83-surrey-st-brighton-ma-02135-skp189/building	$4,250
137 Chiswick Road Brighton, Brighton, MA	https://hotpads.com/137-chiswick-rd-brighton-ma-02135-sm34tv/building	$3,700+
62 Glencoe Street Brighton, Brighton, MA	https://hotpads.com/62-glencoe-st-brighton-ma-02135-skggcx/building	$3,600
305 Summit Avenue Brighton, Brighton, MA	https://hotpads.com/305-summit-ave-brighton-ma-02135-smf1pn/building	$3,600+
Chestnut Hill Avenue Brighton, Brighton, MA	https://hotpads.com/brighton-ma-02135-skhx87/building	$3,500+
328 Washington Street Brighton, Brighton, MA	https://hotpads.com/328-washington-st-brighton-ma-02135-wd168n/building	$3,500+
1860 Commonwealth Avenue Brighton, Brighton, MA	https://hotpads.com/1860-commonwealth-ave-brighton-ma-02135-1j4tkaz/building	$4,000+
Sutherland Road Brighton, Brighton, MA	https://hotpads.com/brighton-ma-02135-snvecs/building	$5,000+
141 Chiswick Road Brighton, Brighton, MA	https://hotpads.com/141-chiswick-rd-brighton-ma-02135-skfztp/building	$3,350+
6 Cenacle Road Brighton, Boston, MA	https://hotpads.com/6-cenacle-rd-brighton-ma-02135-uqf0cb/building	$3,800
24 Matchett Street Brighton, Brighton, MA	https://hotpads.com/24-matchett-st-brighton-ma-02135-1j4tqha/building	$3,800
17 Bennett Street Brighton, Brighton, MA	https://hotpads.com/17-bennett-st-brighton-ma-02135-skfzu5/building	$4,300+
8 Sparhawk Street Brighton, Brighton, MA	https://hotpads.com/8-sparhawk-st-brighton-ma-02135-tnr6fb/building	$3,700+
14 Sutherland Road Brighton, Brighton, MA	https://hotpads.com/14-sutherland-rd-brighton-ma-02135-skg0kw/building	$3,500+
44 Burton Street Brighton, Boston, MA	https://hotpads.com/44-burton-st-brighton-ma-02135-1j4twaq/building	$4,500
35 Parsons Street Brighton, Brighton, MA	https://hotpads.com/35-parsons-st-brighton-ma-02135-skmv5m/building	$3,900+
68 Etna Street Brighton, Brighton, MA	https://hotpads.com/68-etna-st-brighton-ma-02135-1j4u0a1/building	$3,600
20 Claymoss Road Brighton, Brighton, MA	https://hotpads.com/20-claymoss-rd-brighton-ma-02135-smpx36/building	$4,000+
12 Sutherland Road Brighton, Brighton, MA	https://hotpads.com/12-sutherland-rd-brighton-ma-02135-sm30jj/building	$3,600+
43 Orkney Road Brighton, Brighton, MA	https://hotpads.com/43-orkney-rd-brighton-ma-02135-skg3za/building	$3,800+
8 Lane Park Brighton, Brighton, MA	https://hotpads.com/8-lane-park-brighton-ma-02135-tqewj8/building	$4,600+
26 Bothwell Road Brighton, Brighton, MA	https://hotpads.com/26-bothwell-rd-brighton-ma-02135-swqaqu/building	$5,000+
20 Dustin Street Brighton, Brighton, MA	https://hotpads.com/20-dustin-st-brighton-ma-02135-1j4tnzg/building	$4,500
50 Cummings Road Brighton, Brighton, MA	https://hotpads.com/50-cummings-rd-brighton-ma-02135-tr5nbv/building	$4,395+
27 Eulita Terrace Aberdeen, Brighton, MA	https://hotpads.com/27-eulita-ter-brighton-ma-02135-upnypm/building	$3,600+
1863 Commonwealth Avenue Brighton, Boston, MA	https://hotpads.com/1863-commonwealth-ave-brighton-ma-02135-skjsnr/building	$6,000+
146 Chiswick Road Brighton, Brighton, MA	https://hotpads.com/146-chiswick-rd-brighton-ma-02135-skkecg/building	$3,850+
61 Surrey Street Brighton, Boston, MA	https://hotpads.com/61-surrey-st-brighton-ma-02135-swe5ky/building	$3,700+
160 Bigelow Street Brighton, Brighton, MA	https://hotpads.com/160-bigelow-st-brighton-ma-02135-1j4tgaq/building	$4,800+
48 Englewood Avenue Brighton, Brighton, MA	https://hotpads.com/48-englewood-ave-brighton-ma-02135-tvg4fg/building	$4,800+
110 Lanark Road Brighton, Brighton, MA	https://hotpads.com/110-lanark-rd-brighton-ma-02135-skzmmq/building	$3,400+
491 Washington Street Brighton, Brighton, MA	https://hotpads.com/491-washington-st-brighton-ma-02135-1j4tx2s/building	$4,200
7 Donnybrook Road Brighton, Boston, MA	https://hotpads.com/7-donnybrook-rd-brighton-ma-02135-sm0jg9/building	$3,600+
331 Faneuil Street Brighton, Brighton, MA	https://hotpads.com/331-faneuil-st-brighton-ma-02135-skjtrs/building	$3,400+
40 Atkins Street Brighton, Brighton, MA	https://hotpads.com/40-atkins-st-brighton-ma-02135-uq1sf9/building	$3,600+
28 Justin Road Brighton, Brighton, MA	https://hotpads.com/28-justin-rd-brighton-ma-02135-skjtcf/building	$3,400+
143 Sutherland Road Brighton, Brighton, MA	https://hotpads.com/143-sutherland-rd-brighton-ma-02135-st5e0s/building	$3,600+
24 Atkins Street Brighton, Brighton, MA	https://hotpads.com/24-atkins-st-brighton-ma-02135-sqe25n/building	$3,500+
36 Elmira Street Brighton, Brighton, MA	https://hotpads.com/36-elmira-st-brighton-ma-02135-sm2s7k/building	$3,550+
44 Mapleton Street Brighton, Brighton, MA	https://hotpads.com/44-mapleton-st-brighton-ma-02135-uq5xuy/building	$3,600
15 Donnybrook Road Brighton, Brighton, MA	https://hotpads.com/15-donnybrook-rd-brighton-ma-02135-tmhbvm/building	$3,600
1721 Commonwealth Avenue Aberdeen, Brighton, MA	https://hotpads.com/1721-commonwealth-ave-brighton-ma-02135-skjsgp/building	$3,500
303 Summit Avenue Brighton, Brighton, MA	https://hotpads.com/303-summit-ave-brighton-ma-02135-smf1jn/building	$3,800
46 Radnor Road Brighton, Brighton, MA	https://hotpads.com/46-radnor-rd-brighton-ma-02135-skhset/building	$6,700+
54 Atkins Street Brighton, Brighton, MA	https://hotpads.com/54-atkins-st-brighton-ma-02135-tqztf4/building	$3,500+
44 Litchfield Street Brighton, Brighton, MA	https://hotpads.com/44-litchfield-st-brighton-ma-02135-smf1sm/building	$3,900
6 Lothian Road Brighton, Brighton, MA	https://hotpads.com/6-lothian-road-brighton-ma-02135-smpvz6/building	$3,900+
45 Radnor Road Brighton, Brighton, MA	https://hotpads.com/45-radnor-rd-brighton-ma-02135-sm255w/building	$8,000
22 Burton Street Brighton, Brighton, MA	https://hotpads.com/22-burton-st-brighton-ma-02135-skfb8a/building	$3,700+
4 Barstow Street Brighton, Boston, MA	https://hotpads.com/4-barstow-st-allston-ma-02134-tjdex8/building	$5,000
Foster Street Brighton, Boston, MA	https://hotpads.com/brighton-ma-02135-skm6tq/building	$3,400+
10 Wallingford Road Aberdeen, Brighton, MA	https://hotpads.com/10-wallingford-rd-brighton-ma-02135-unjw62/building	$4,400+
71 Oxford Avenue Cambridge, MA 02138	https://hotpads.com/71-oxford-ave-cambridge-ma-02138-skkx96/building	Call
3 Oxford Avenue Belmont, MA 02478	https://hotpads.com/3-oxford-ave-belmont-ma-02478-sm3qc4/building	Call
